,statistic,p_value
LM,20.377027504705424,0.00042068506930484194
F,5.188113061163452,0.0003928681042741401
