variable,vif
policy_exposure_term_12,1.8286852849584103
vix_exposure_term,1.807446030043663
ret_lag1,1.5240965077713005
ret_mom3,1.542500277434455
