term,coef,std_err,t_stat,p_value,model
policy_exposure_term_12,-0.002910800356422586,0.006780569549799027,-0.42928552462217,0.6678793857840697,ModelA_FE_clustered
vix_exposure_term,-0.003988428965855456,0.002450845164537699,-1.6273688046742807,0.1042172868196447,ModelA_FE_clustered
ret_lag1,-0.5008933846194461,0.0005719234209932958,-875.8049875794782,0.0,ModelA_FE_clustered
ret_mom3,1.5031667324061253,0.00449550829812708,334.37080586245946,0.0,ModelA_FE_clustered
policy_exposure_term_12,-0.002910800356422586,0.07630758046011273,-0.03814562509872936,0.9695850720449506,ModelA_FE_robust
vix_exposure_term,-0.003988428965855456,0.02346954664021455,-0.1699406054576858,0.8651177857072296,ModelA_FE_robust
ret_lag1,-0.5008933846194461,0.04607099374678623,-10.872207084840381,0.0,ModelA_FE_robust
ret_mom3,1.5031667324061253,0.07137614604728726,21.059791199853596,0.0,ModelA_FE_robust
