model,test_r2,test_rmse
OLS,0.44540471641324975,2.617973619023773
RandomForest,0.4969288655971843,2.493399564767716
