feature,importance
ret_mom3,0.5251209028278334
ret_lag1,0.28122757713846624
vix_index,0.04879987826834276
m2_growth_pct,0.039122764276221376
consumer_sentiment,0.03420253644717924
bbb_spread,0.032779606189681065
fed_funds_rate_lag12,0.025167663526229178
asset_SP500,0.01098090104270627
asset_HomePrice,0.0025981702833404903
